{
    
    "data": [
      {
        "trainNumber": 1001,
        "trainName": "Bangalore Express",
        "depTime": "10.00 AM",
        "arrTime": "05.00 PM",
        "from": "Coimbatore",
        "to": "Bangalore",
        "seat": 45 
      },
      {
        "trainNumber": 1233,
        "trainName": "Chennai Express",
        "depTime": "02.00 AM",
        "arrTime": "11.30 PM",
        "from": "Chennai",
        "to": "Mumbai",
        "seat": 67 
      },
      {
        "trainNumber": 1566,
        "trainName": "Lokmanya",
        "depTime": "12.00 AM",
        "arrTime": "11.40 PM",
        "from": "Pune",
        "to": "Coimbatore",
        "seat": 12
      },
      {
        "trainNumber": 1033,
        "trainName": "Cochin Express",
        "depTime": "10.00 AM",
        "arrTime": "03.00 PM",
        "from": "Cochin",
        "to": "Coimbatore",
        "seat": 65 
      },
      {
        "trainNumber": 1448,
        "trainName": "Ernakulam Express",
        "depTime": "10.00 AM",
        "arrTime": "03.00 PM",
        "from": "Ernakulam",
        "to": "Coimbatore",
        "seat": 33 
      },
      {
        "trainNumber": 1899,
        "trainName": "Kerala Express",
        "depTime": "11.10 AM",
        "arrTime": "05.20 PM",
        "from": "Palaghat",
        "to": "Chennai",
        "seat": 80  
      },
      {
        "trainNumber": 1212,
        "trainName": "Kongu Express",
        "depTime": "01.20 AM",
        "arrTime": "07.00 PM",
        "from": "Coimbatore",
        "to": "Bangalore",
        "seat": 45 
      },
      {
        "trainNumber": 2323,
        "trainName": "Ernakulam Express",
        "depTime": "05.00 AM",
        "arrTime": "01.00 PM",
        "from": "Ernakulam",
        "to": "Coimbatore" ,
        "seat": 36     
      }
      
    ]
}